{
  "field_rodin6lane": {
    "B_max_T": 9.493010798733729e-18,
    "B_mean_T": 2.3594132764788914e-19,
    "B_rms_T": 5.577782051782227e-19,
    "gradB2_max_T2_per_m": 2.8152979564056357e-33,
    "gradB2_mean_T2_per_m": 3.4849063178110673e-35,
    "mag_pressure_max_Pa": 3.585651608981722e-29,
    "mag_pressure_mean_Pa": 1.2378933254456815e-31
  },
  "field_sawbowl_chord": {
    "B_max_T": 0.010434623673586467,
    "B_mean_T": 2.8193222448617587e-05,
    "B_rms_T": 0.0003758750235715608,
    "gradB2_max_T2_per_m": 0.0036987144206689325,
    "gradB2_mean_T2_per_m": 2.2736988299336202e-05,
    "mag_pressure_max_Pa": 43.322521096487485,
    "mag_pressure_mean_Pa": 0.056214334942295545
  },
  "field_sawbowl_curved": {
    "B_max_T": 0.0011572410159012324,
    "B_mean_T": 2.1889629819726506e-05,
    "B_rms_T": 7.44902452543132e-05,
    "gradB2_max_T2_per_m": 4.1875870142400836e-05,
    "gradB2_mean_T2_per_m": 6.330438136594321e-07,
    "mag_pressure_max_Pa": 0.5328534427250815,
    "mag_pressure_mean_Pa": 0.0022077960328924667
  },
  "geometries": {
    "rodin6lane": {
      "bounds_max_m": [
        0.0424,
        0.042399984046271405,
        0.008999999965719114
      ],
      "bounds_min_m": [
        -0.0423999750723018,
        -0.042399999002891785,
        -0.008999999965719114
      ],
      "extent_m": [
        0.0847999750723018,
        0.0847999830491632,
        0.017999999931438228
      ],
      "lengths_m": [
        1.2544239444034462,
        1.2544239444034462,
        1.2544239444034462,
        1.2544239444034462,
        1.2544239444034462,
        1.2544239444034462
      ],
      "n_lanes": 6,
      "points_per_lane_max": 6000,
      "points_per_lane_min": 6000
    },
    "sawbowl_chord": {
      "bounds_max_m": [
        0.029363103313977117,
        0.029171902568961187,
        0.006
      ],
      "bounds_min_m": [
        -0.02823592920675638,
        -0.03,
        0.0
      ],
      "extent_m": [
        0.05759903252073349,
        0.05917190256896118,
        0.006
      ],
      "lengths_m": [
        1.497742735732544,
        1.4977427357325441,
        1.497742735732544
      ],
      "n_lanes": 3,
      "points_per_lane_max": 41,
      "points_per_lane_min": 41
    },
    "sawbowl_curved": {
      "bounds_max_m": [
        0.029363103313977117,
        0.029794285800286955,
        0.006
      ],
      "bounds_min_m": [
        -0.02989777890948076,
        -0.03,
        0.0
      ],
      "extent_m": [
        0.05926088222345788,
        0.05979428580028695,
        0.006
      ],
      "lengths_m": [
        1.668328984289998,
        1.6683289842899982,
        1.668328984289998
      ],
      "n_lanes": 3,
      "points_per_lane_max": 961,
      "points_per_lane_min": 961
    }
  }
}