name,lane_count,total_length_m,bounds_min_m,bounds_max_m,span_m,sawbowl_z_ranges,sawbowl_z_monotonic_nondec,expected_lane_count,passes_basic,mirror_z_pair_errors
sawbowl_curved,3,4.97285900922184,"[-0.029587638844668786, -0.03, 0.0]","[0.029363103313977117, 0.029794285800286955, 0.006]","[0.0589507421586459, 0.05979428580028695, 0.006]","[(0.0, 0.006), (0.0, 0.006), (0.0, 0.006)]","[True, True, True]",3,True,
sawbowl_chord,3,4.493228207197632,"[-0.02823592920675638, -0.03, 0.0]","[0.029363103313977117, 0.029171902568961187, 0.006]","[0.05759903252073349, 0.05917190256896118, 0.006]","[(0.0, 0.006), (0.0, 0.006), (0.0, 0.006)]","[True, True, True]",3,True,
rodin6lane,6,7.519378780722109,"[-0.042328784856382855, -0.0423774536469581, -0.008999990427601186]","[0.0424, 0.04238635936119748, 0.008999990427601186]","[0.08472878485638285, 0.08476381300815558, 0.017999980855202373]",,,6,True,"[0.0, 0.0, 0.0]"
