{
  "radii_m": [
    0.03,
    0.05,
    0.1
  ],
  "harmonics": [
    1,
    3,
    5,
    7
  ],
  "x_nodes": [
    2.4048255577,
    3.8317059702,
    5.5200781103,
    7.0155866698
  ],
  "v_swirl_m_s": 1093845.63
}