{
  "name": "sawbowl_curved",
  "lane_count": 3,
  "total_length_m": 4.97285900922184,
  "lane_lengths_m": [
    1.6576196697406131,
    1.6576196697406136,
    1.6576196697406131
  ],
  "bounds_min_m": [
    -0.029587638844668786,
    -0.03,
    0.0
  ],
  "bounds_max_m": [
    0.029363103313977117,
    0.029794285800286955,
    0.006
  ],
  "span_m": [
    0.0589507421586459,
    0.05979428580028695,
    0.006
  ],
  "metadata": {
    "source": "GUI-SawBowl.py",
    "S": 40,
    "step_fwd": 11,
    "step_bwd": -9,
    "pairs": 20,
    "profile": "Exponential",
    "mode": "curved",
    "height_m": 0.006,
    "Rb_m": 0.025,
    "Rt_m": 0.03,
    "rule": "continuous z(s) and r(s); no flat layer replication"
  },
  "sawbowl_z_ranges": [
    [
      0.0,
      0.006
    ],
    [
      0.0,
      0.006
    ],
    [
      0.0,
      0.006
    ]
  ],
  "sawbowl_z_monotonic_nondec": [
    true,
    true,
    true
  ],
  "expected_lane_count": 3,
  "passes_basic": true
}