{
  "name": "sawbowl_chord",
  "lane_count": 3,
  "total_length_m": 4.493228207197632,
  "lane_lengths_m": [
    1.497742735732544,
    1.4977427357325441,
    1.497742735732544
  ],
  "bounds_min_m": [
    -0.02823592920675638,
    -0.03,
    0.0
  ],
  "bounds_max_m": [
    0.029363103313977117,
    0.029171902568961187,
    0.006
  ],
  "span_m": [
    0.05759903252073349,
    0.05917190256896118,
    0.006
  ],
  "metadata": {
    "source": "GUI-SawBowl.py",
    "S": 40,
    "step_fwd": 11,
    "step_bwd": -9,
    "pairs": 20,
    "profile": "Exponential",
    "mode": "chord",
    "height_m": 0.006,
    "Rb_m": 0.025,
    "Rt_m": 0.03,
    "rule": "continuous z(s) and r(s); no flat layer replication"
  },
  "sawbowl_z_ranges": [
    [
      0.0,
      0.006
    ],
    [
      0.0,
      0.006
    ],
    [
      0.0,
      0.006
    ]
  ],
  "sawbowl_z_monotonic_nondec": [
    true,
    true,
    true
  ],
  "expected_lane_count": 3,
  "passes_basic": true
}