{
  "name": "rodin6lane",
  "lane_count": 6,
  "total_length_m": 7.519378780722109,
  "lane_lengths_m": [
    1.2532297967870183,
    1.2532297967870183,
    1.253229796787018,
    1.2532297967870183,
    1.2532297967870183,
    1.253229796787018
  ],
  "bounds_min_m": [
    -0.042328784856382855,
    -0.0423774536469581,
    -0.008999990427601186
  ],
  "bounds_max_m": [
    0.0424,
    0.04238635936119748,
    0.008999990427601186
  ],
  "span_m": [
    0.08472878485638285,
    0.08476381300815558,
    0.017999980855202373
  ],
  "metadata": {
    "source": "rodin_6lane_channel_guide_knot512.py",
    "P": 5,
    "Q": 12,
    "cell_phases": [
      0.0,
      0.3333333333333333,
      0.6666666666666666
    ],
    "mirror_rule": "z -> -z",
    "R_major_m": 0.0334,
    "R_tube_m": 0.009
  },
  "expected_lane_count": 6,
  "passes_basic": true,
  "mirror_z_pair_errors": [
    0.0,
    0.0,
    0.0
  ]
}