{
  "artifacts_note": "v10 restores broad output: geometry, winding, current, static field, radius scaling, fR collapse, comparison.",
  "duty": 0.382,
  "geometries": {
    "rodin6lane": {
      "bounds_max_m": [
        0.0424,
        0.042399981665693,
        0.008999999369660788
      ],
      "bounds_min_m": [
        -0.042398826620936116,
        -0.042398514947786035,
        -0.008999999369660788
      ],
      "extent_m": [
        0.08479882662093612,
        0.08479849661347903,
        0.017999998739321576
      ],
      "lengths_m": [
        1.2543492242272603,
        1.25434922422726,
        1.2543492242272598,
        1.2543492242272603,
        1.25434922422726,
        1.2543492242272598
      ],
      "n_lanes": 6,
      "points_per_lane_max": 1400,
      "points_per_lane_min": 1400
    },
    "sawbowl_chord": {
      "bounds_max_m": [
        0.029363103313977117,
        0.029171902568961187,
        0.006
      ],
      "bounds_min_m": [
        -0.02823592920675638,
        -0.03,
        0.0
      ],
      "extent_m": [
        0.05759903252073349,
        0.05917190256896118,
        0.006
      ],
      "lengths_m": [
        1.497742735732544,
        1.4977427357325441,
        1.497742735732544
      ],
      "n_lanes": 3,
      "points_per_lane_max": 41,
      "points_per_lane_min": 41
    },
    "sawbowl_curved": {
      "bounds_max_m": [
        0.029363103313977117,
        0.029794285800286955,
        0.006
      ],
      "bounds_min_m": [
        -0.02989777890948076,
        -0.03,
        0.0
      ],
      "extent_m": [
        0.05926088222345788,
        0.05979428580028695,
        0.006
      ],
      "lengths_m": [
        1.668328984289998,
        1.6683289842899982,
        1.668328984289998
      ],
      "n_lanes": 3,
      "points_per_lane_max": 961,
      "points_per_lane_min": 961
    }
  },
  "grid": 9,
  "harmonics": 3,
  "quick": false,
  "run": "exports\\SST-Coil\\run_20260627_011356",
  "samples": 18
}