name,lane_count,total_length_m,bounds_min_m,bounds_max_m,span_m,sawbowl_z_ranges,sawbowl_z_monotonic_nondec,expected_lane_count,passes_basic,mirror_z_pair_errors
sawbowl_curved,3,5.003837309164942,"[-0.02989777890948076, -0.03, 0.0]","[0.029363103313977117, 0.029794285800286955, 0.006]","[0.05926088222345788, 0.05979428580028695, 0.006]","[(0.0, 0.006), (0.0, 0.006), (0.0, 0.006)]","[True, True, True]",3,True,
sawbowl_chord,3,4.493228207197632,"[-0.02823592920675638, -0.03, 0.0]","[0.029363103313977117, 0.029171902568961187, 0.006]","[0.05759903252073349, 0.05917190256896118, 0.006]","[(0.0, 0.006), (0.0, 0.006), (0.0, 0.006)]","[True, True, True]",3,True,
rodin6lane,6,7.526206521511969,"[-0.0423998736879056, -0.04239949475396509, -0.008999995657345229]","[0.0424, 0.0423998736879056, 0.008999995657345229]","[0.08479987368790559, 0.08479936844187069, 0.017999991314690458]",,,6,True,"[0.0, 0.0, 0.0]"
