{
  "name": "rodin6lane",
  "lane_count": 6,
  "total_length_m": 7.526206521511969,
  "lane_lengths_m": [
    1.2543677535853281,
    1.2543677535853281,
    1.2543677535853281,
    1.2543677535853281,
    1.2543677535853281,
    1.2543677535853281
  ],
  "bounds_min_m": [
    -0.0423998736879056,
    -0.04239949475396509,
    -0.008999995657345229
  ],
  "bounds_max_m": [
    0.0424,
    0.0423998736879056,
    0.008999995657345229
  ],
  "span_m": [
    0.08479987368790559,
    0.08479936844187069,
    0.017999991314690458
  ],
  "metadata": {
    "source": "rodin_6lane_channel_guide_knot512.py",
    "P": 5,
    "Q": 12,
    "cell_phases": [
      0.0,
      0.3333333333333333,
      0.6666666666666666
    ],
    "mirror_rule": "z -> -z",
    "R_major_m": 0.0334,
    "R_tube_m": 0.009
  },
  "expected_lane_count": 6,
  "passes_basic": true,
  "mirror_z_pair_errors": [
    0.0,
    0.0,
    0.0
  ]
}