{
  "quick": false,
  "grid": 11,
  "bounds_m": 0.08,
  "harmonics": 9,
  "f0_values_hz": [
    100000.0,
    129403.6331564652,
    167453.00274093024,
    216690.26937635854,
    280405.0812695393,
    362854.3627181228,
    469546.72842398926,
    607610.525947963,
    786270.0960177709,
    1017462.0706698232,
    1316632.88543575,
    1703770.789086661,
    2204741.3017367152,
    2853015.346148455,
    3691905.512427603,
    4777459.865785123,
    6182206.638917935,
    8000000.0
  ],
  "hard_rule": "all observables are computed from Biot-Savart B fields; no imposed sinc/exp kernel is used for geometry comparison."
}