phase,points,polyline_length_m
1,641,2.819708027860429
2,641,2.81970802786043
3,641,2.819708027860429
