{
  "artifacts_note": "v10 restores broad output: geometry, winding, current, static field, radius scaling, fR collapse, comparison.",
  "duty": 0.382,
  "geometries": {
    "rodin6lane": {
      "bounds_max_m": [
        0.0424,
        0.0423993390255517,
        0.00899997727532224
      ],
      "bounds_min_m": [
        -0.042399339025551694,
        -0.04239735616635698,
        -0.00899997727532224
      ],
      "extent_m": [
        0.0847993390255517,
        0.08479669519190869,
        0.01799995455064448
      ],
      "lengths_m": [
        1.2541118036805918,
        1.2541118036805918,
        1.2541118036805916,
        1.2541118036805918,
        1.2541118036805918,
        1.2541118036805916
      ],
      "n_lanes": 6,
      "points_per_lane_max": 700,
      "points_per_lane_min": 700
    },
    "sawbowl_chord": {
      "bounds_max_m": [
        0.029363103313977117,
        0.029171902568961187,
        0.006
      ],
      "bounds_min_m": [
        -0.02823592920675638,
        -0.03,
        0.0
      ],
      "extent_m": [
        0.05759903252073349,
        0.05917190256896118,
        0.006
      ],
      "lengths_m": [
        1.497742735732544,
        1.4977427357325441,
        1.497742735732544
      ],
      "n_lanes": 3,
      "points_per_lane_max": 41,
      "points_per_lane_min": 41
    },
    "sawbowl_curved": {
      "bounds_max_m": [
        0.029363103313977117,
        0.029794285800286955,
        0.006
      ],
      "bounds_min_m": [
        -0.02989777890948076,
        -0.03,
        0.0
      ],
      "extent_m": [
        0.05926088222345788,
        0.05979428580028695,
        0.006
      ],
      "lengths_m": [
        1.668328984289998,
        1.6683289842899982,
        1.668328984289998
      ],
      "n_lanes": 3,
      "points_per_lane_max": 961,
      "points_per_lane_min": 961
    }
  },
  "grid": 5,
  "harmonics": 1,
  "quick": true,
  "run": "exports/SST-Coil/run_20260626_231251",
  "samples": 6
}