{
  "field_rodin6lane": {
    "B_max_T": 4.2439017776089874e-18,
    "B_mean_T": 2.0048104134056005e-19,
    "B_rms_T": 5.3967851321994955e-19,
    "gradB2_max_T2_per_m": 4.270681100996003e-34,
    "gradB2_mean_T2_per_m": 2.3658373458297153e-35,
    "mag_pressure_max_Pa": 7.16623074820525e-30,
    "mag_pressure_mean_Pa": 1.15885845869646e-31
  },
  "field_sawbowl_chord": {
    "B_max_T": 0.0014544326471962227,
    "B_mean_T": 1.0833561813547276e-05,
    "B_rms_T": 8.637428027225908e-05,
    "gradB2_max_T2_per_m": 3.9662866691869254e-05,
    "gradB2_mean_T2_per_m": 7.999924649851824e-07,
    "mag_pressure_max_Pa": 0.8416807008751773,
    "mag_pressure_mean_Pa": 0.002968445114942686
  },
  "field_sawbowl_curved": {
    "B_max_T": 0.0008918331154803087,
    "B_mean_T": 2.3095711521255788e-05,
    "B_rms_T": 9.519185847091784e-05,
    "gradB2_max_T2_per_m": 1.9723270726950966e-05,
    "gradB2_mean_T2_per_m": 7.525938421497248e-07,
    "mag_pressure_max_Pa": 0.31646619786880825,
    "mag_pressure_mean_Pa": 0.003605452281024159
  },
  "geometries": {
    "rodin6lane": {
      "bounds_max_m": [
        0.0424,
        0.042399984046271405,
        0.008999999965719114
      ],
      "bounds_min_m": [
        -0.0423999750723018,
        -0.042399999002891785,
        -0.008999999965719114
      ],
      "extent_m": [
        0.0847999750723018,
        0.0847999830491632,
        0.017999999931438228
      ],
      "lengths_m": [
        1.2544239444034464,
        1.2544239444034462,
        1.2544239444034462,
        1.2544239444034464,
        1.2544239444034462,
        1.2544239444034462
      ],
      "n_lanes": 6,
      "points_per_lane_max": 6000,
      "points_per_lane_min": 6000
    },
    "sawbowl_chord": {
      "bounds_max_m": [
        0.029363103313977117,
        0.029171902568961187,
        0.006
      ],
      "bounds_min_m": [
        -0.02823592920675638,
        -0.03,
        0.0
      ],
      "extent_m": [
        0.05759903252073349,
        0.05917190256896118,
        0.006
      ],
      "lengths_m": [
        1.497742735732544,
        1.4977427357325441,
        1.497742735732544
      ],
      "n_lanes": 3,
      "points_per_lane_max": 41,
      "points_per_lane_min": 41
    },
    "sawbowl_curved": {
      "bounds_max_m": [
        0.029363103313977117,
        0.029794285800286955,
        0.006
      ],
      "bounds_min_m": [
        -0.02989777890948076,
        -0.03,
        0.0
      ],
      "extent_m": [
        0.05926088222345788,
        0.05979428580028695,
        0.006
      ],
      "lengths_m": [
        1.668328984289998,
        1.6683289842899982,
        1.668328984289998
      ],
      "n_lanes": 3,
      "points_per_lane_max": 961,
      "points_per_lane_min": 961
    }
  }
}