{
  "field_rodin": {
    "Bmax": 0.0052186955791556295,
    "Bmean": 0.0006184547531179534,
    "Brms": 0.000975969561610676
  },
  "field_sawbowl": {
    "Bmax": 0.0016714257257524792,
    "Bmean": 4.82036424358441e-05,
    "Brms": 0.00011534021061713219
  },
  "rodin": {
    "bounds_max_m": [
      0.0424,
      0.042399984046271405,
      0.008999999965719114
    ],
    "bounds_min_m": [
      -0.0423999750723018,
      -0.042399999002891785,
      -0.008999999965719114
    ],
    "extent_m": [
      0.0847999750723018,
      0.0847999830491632,
      0.017999999931438228
    ],
    "n_lanes": 6,
    "points_per_lane": 6000
  },
  "sawbowl": {
    "n_lanes": 3,
    "points_per_lane": 961
  }
}