phase,points,polyline_length_m
1,641,3.1402933227702166
2,641,3.1402933227702166
3,641,3.140293322770216
