{
  "source_npz": "exports/SST-Coil/run_20260626_194605/npz/SST-Coil_BiotSavart_midplane.npz",
  "B2_max_T2": 9.585695370422663e-06,
  "grad_B2_max_T2_per_m": 0.001198211799881178
}